<?xml version="1.0" encoding="UTF-8"?>
<!DOCTYPE database SYSTEM "http://dbflute.org/meta/database.dtd">
<!-- Auto-generated by JDBC task! -->
<database name="public">
    <table name="customer" schema="godbfexam.public" type="TABLE">
        <column autoIncrement="true" dbType="serial"
            default="nextval('customer_id_seq'::regclass)"
            javaType="Integer" name="id" pkName="customer_pkey"
            pkPosition="1" primaryKey="true" required="true" size="10" type="INTEGER"/>
        <column dbType="varchar" javaType="String" name="cus_cd"
            required="true" size="40" type="VARCHAR"/>
        <column dbType="varchar" javaType="String" name="name"
            required="true" size="100" type="VARCHAR"/>
        <column dbType="varchar" javaType="String" name="addr"
            size="100" type="VARCHAR"/>
        <column dbType="varchar" javaType="String" name="bldg"
            size="100" type="VARCHAR"/>
        <column dbType="varchar" javaType="String" name="cus_con_sec"
            size="100" type="VARCHAR"/>
        <column dbType="varchar" javaType="String" name="cus_con_name"
            size="100" type="VARCHAR"/>
        <column dbType="varchar" javaType="String" name="tel" size="100" type="VARCHAR"/>
        <column dbType="int8" javaType="Long" name="sales_amount"
            size="19" type="BIGINT"/>
        <column dbType="int4" javaType="Integer" name="version_no"
            required="true" size="10" type="INTEGER"/>
        <column dbType="int4" default="0" javaType="Integer"
            name="del_flag" required="true" size="10" type="INTEGER"/>
        <column dbType="timestamp" javaType="java.time.LocalDateTime"
            name="register_datetime" required="true" size="29, 6" type="TIMESTAMP"/>
        <column dbType="varchar" javaType="String" name="register_user"
            required="true" size="30" type="VARCHAR"/>
        <column dbType="varchar" javaType="String"
            name="register_process" required="true" size="30" type="VARCHAR"/>
        <column dbType="timestamp" javaType="java.time.LocalDateTime"
            name="update_datetime" required="true" size="29, 6" type="TIMESTAMP"/>
        <column dbType="varchar" javaType="String" name="update_user"
            required="true" size="30" type="VARCHAR"/>
        <column dbType="varchar" javaType="String" name="update_process"
            required="true" size="30" type="VARCHAR"/>
        <unique name="customer_cus_cd_del_flag_key">
            <unique-column name="cus_cd" position="1"/>
            <unique-column name="del_flag" position="2"/>
        </unique>
    </table>
    <table name="employee" schema="godbfexam.public" type="TABLE">
        <column autoIncrement="true" dbType="serial"
            default="nextval('employee_id_seq'::regclass)"
            javaType="Integer" name="id" pkName="employee_pkey"
            pkPosition="1" primaryKey="true" required="true" size="10" type="INTEGER"/>
        <column dbType="varchar" javaType="String" name="emp_cd"
            required="true" size="40" type="VARCHAR"/>
        <column dbType="int4" javaType="Integer" name="sec_id"
            required="true" size="10" type="INTEGER"/>
        <column dbType="varchar" javaType="String" name="name"
            required="true" size="100" type="VARCHAR"/>
        <column dbType="int4" javaType="Integer" name="version_no"
            required="true" size="10" type="INTEGER"/>
        <column dbType="int4" default="0" javaType="Integer"
            name="del_flag" required="true" size="10" type="INTEGER"/>
        <column dbType="timestamp" javaType="java.time.LocalDateTime"
            name="register_datetime" required="true" size="29, 6" type="TIMESTAMP"/>
        <column dbType="varchar" javaType="String" name="register_user"
            required="true" size="30" type="VARCHAR"/>
        <column dbType="varchar" javaType="String"
            name="register_process" required="true" size="30" type="VARCHAR"/>
        <column dbType="timestamp" javaType="java.time.LocalDateTime"
            name="update_datetime" required="true" size="29, 6" type="TIMESTAMP"/>
        <column dbType="varchar" javaType="String" name="update_user"
            required="true" size="30" type="VARCHAR"/>
        <column dbType="varchar" javaType="String" name="update_process"
            required="true" size="30" type="VARCHAR"/>
        <foreign-key foreignSchema="public" foreignTable="user_table" name="employee_sec_id_fkey">
            <reference foreign="id" local="sec_id"/>
        </foreign-key>
        <unique name="employee_emp_cd_del_flag_key">
            <unique-column name="emp_cd" position="1"/>
            <unique-column name="del_flag" position="2"/>
        </unique>
        <index name="fki_employee_sec_id_fkey">
            <index-column name="sec_id" position="1"/>
        </index>
    </table>
    <table name="login" schema="godbfexam.public" type="TABLE">
        <column autoIncrement="true" dbType="serial"
            default="nextval('login_id_seq'::regclass)"
            javaType="Integer" name="id" pkName="user_pkey"
            pkPosition="1" primaryKey="true" required="true" size="10" type="INTEGER"/>
        <column dbType="varchar" javaType="String" name="login_id"
            required="true" size="40" type="VARCHAR"/>
        <column dbType="varchar" javaType="String" name="name"
            required="true" size="40" type="VARCHAR"/>
        <column dbType="varchar" javaType="String" name="password"
            required="true" size="40" type="VARCHAR"/>
        <column dbType="int4" javaType="Integer" name="version_no"
            required="true" size="10" type="INTEGER"/>
        <column dbType="int4" default="0" javaType="Integer"
            name="del_flag" required="true" size="10" type="INTEGER"/>
        <column dbType="timestamp" javaType="java.time.LocalDateTime"
            name="register_datetime" required="true" size="29, 6" type="TIMESTAMP"/>
        <column dbType="varchar" javaType="String" name="register_user"
            required="true" size="30" type="VARCHAR"/>
        <column dbType="varchar" javaType="String"
            name="register_process" required="true" size="30" type="VARCHAR"/>
        <column dbType="timestamp" javaType="java.time.LocalDateTime"
            name="update_datetime" required="true" size="29, 6" type="TIMESTAMP"/>
        <column dbType="varchar" javaType="String" name="update_user"
            required="true" size="30" type="VARCHAR"/>
        <column dbType="varchar" javaType="String" name="update_process"
            required="true" size="30" type="VARCHAR"/>
        <unique name="login_login_id_key">
            <unique-column name="login_id" position="1"/>
            <unique-column name="del_flag" position="2"/>
        </unique>
    </table>
    <table name="product" schema="godbfexam.public" type="TABLE">
        <column autoIncrement="true" dbType="serial"
            default="nextval('product_id_seq'::regclass)"
            javaType="Integer" name="id" pkName="product_pkey"
            pkPosition="1" primaryKey="true" required="true" size="10" type="INTEGER"/>
        <column dbType="varchar" javaType="String" name="prd_cd"
            required="true" size="40" type="VARCHAR"/>
        <column dbType="varchar" javaType="String" name="prd_cat"
            required="true" size="40" type="VARCHAR"/>
        <column dbType="varchar" javaType="String" name="name"
            required="true" size="100" type="VARCHAR"/>
        <column dbType="int4" javaType="Integer" name="cost"
            required="true" size="10" type="INTEGER"/>
        <column dbType="int4" javaType="Integer" name="price"
            required="true" size="10" type="INTEGER"/>
        <column dbType="int4" javaType="Integer" name="per_qty"
            required="true" size="10" type="INTEGER"/>
        <column dbType="varchar" javaType="String" name="unit"
            required="true" size="100" type="VARCHAR"/>
        <column dbType="int4" javaType="Integer" name="pur_qty"
            required="true" size="10" type="INTEGER"/>
        <column dbType="int8" javaType="Long" name="pur_amount"
            required="true" size="19" type="BIGINT"/>
        <column dbType="int4" javaType="Integer" name="sales_qty"
            required="true" size="10" type="INTEGER"/>
        <column dbType="int8" javaType="Long" name="sales_amount"
            required="true" size="19" type="BIGINT"/>
        <column dbType="int4" javaType="Integer" name="version_no"
            required="true" size="10" type="INTEGER"/>
        <column dbType="int4" default="0" javaType="Integer"
            name="del_flag" required="true" size="10" type="INTEGER"/>
        <column dbType="timestamp" javaType="java.time.LocalDateTime"
            name="register_datetime" required="true" size="29, 6" type="TIMESTAMP"/>
        <column dbType="varchar" javaType="String" name="register_user"
            required="true" size="30" type="VARCHAR"/>
        <column dbType="varchar" javaType="String"
            name="register_process" required="true" size="30" type="VARCHAR"/>
        <column dbType="timestamp" javaType="java.time.LocalDateTime"
            name="update_datetime" required="true" size="29, 6" type="TIMESTAMP"/>
        <column dbType="varchar" javaType="String" name="update_user"
            required="true" size="30" type="VARCHAR"/>
        <column dbType="varchar" javaType="String" name="update_process"
            required="true" size="30" type="VARCHAR"/>
        <unique name="product_prd_cd_del_flag_key">
            <unique-column name="prd_cd" position="1"/>
            <unique-column name="del_flag" position="2"/>
        </unique>
    </table>
    <table name="sales_slip" schema="godbfexam.public" type="TABLE">
        <column autoIncrement="true" dbType="serial"
            default="nextval('sales_slip_id_seq'::regclass)"
            javaType="Integer" name="id" pkName="sales_slip_pkey"
            pkPosition="1" primaryKey="true" required="true" size="10" type="INTEGER"/>
        <column dbType="int4" javaType="Integer" name="slip_no"
            required="true" size="10" type="INTEGER"/>
        <column dbType="int4" javaType="Integer" name="line"
            required="true" size="10" type="INTEGER"/>
        <column dbType="date" javaType="java.time.LocalDate"
            name="sales_date" required="true" size="13" type="DATE"/>
        <column dbType="int4" javaType="Integer" name="sales_id"
            required="true" size="10" type="INTEGER"/>
        <column dbType="int4" javaType="Integer" name="cus_id"
            required="true" size="10" type="INTEGER"/>
        <column dbType="int4" javaType="Integer" name="prd_id"
            required="true" size="10" type="INTEGER"/>
        <column dbType="int4" javaType="Integer" name="qty"
            required="true" size="10" type="INTEGER"/>
        <column dbType="varchar" javaType="String" name="unit"
            required="true" size="30" type="VARCHAR"/>
        <column dbType="int4" javaType="Integer" name="unit_price"
            required="true" size="10" type="INTEGER"/>
        <column dbType="int8" javaType="Long" name="sales_amount"
            required="true" size="19" type="BIGINT"/>
        <column dbType="int8" javaType="Long" name="slip_amount"
            required="true" size="19" type="BIGINT"/>
        <column dbType="int8" javaType="Long" name="slip_cons"
            required="true" size="19" type="BIGINT"/>
        <column dbType="int4" javaType="Integer" name="version_no"
            required="true" size="10" type="INTEGER"/>
        <column dbType="int4" default="0" javaType="Integer"
            name="del_flag" required="true" size="10" type="INTEGER"/>
        <column dbType="timestamp" javaType="java.time.LocalDateTime"
            name="register_datetime" required="true" size="29, 6" type="TIMESTAMP"/>
        <column dbType="varchar" javaType="String" name="register_user"
            required="true" size="30" type="VARCHAR"/>
        <column dbType="varchar" javaType="String"
            name="register_process" required="true" size="30" type="VARCHAR"/>
        <column dbType="timestamp" javaType="java.time.LocalDateTime"
            name="update_datetime" required="true" size="29, 6" type="TIMESTAMP"/>
        <column dbType="varchar" javaType="String" name="update_user"
            required="true" size="30" type="VARCHAR"/>
        <column dbType="varchar" javaType="String" name="update_process"
            required="true" size="30" type="VARCHAR"/>
        <foreign-key foreignSchema="public" foreignTable="product" name="sales_slip_product_fkey">
            <reference foreign="id" local="prd_id"/>
        </foreign-key>
        <foreign-key foreignSchema="public" foreignTable="employee" name="sales_slip_sales_id_fkey">
            <reference foreign="id" local="sales_id"/>
        </foreign-key>
        <unique name="sales_slip_slip_no_line_del_flag_key">
            <unique-column name="slip_no" position="1"/>
            <unique-column name="line" position="2"/>
            <unique-column name="del_flag" position="3"/>
        </unique>
        <index name="fki_sales_slip_cus_fkey">
            <index-column name="cus_id" position="1"/>
        </index>
        <index name="fki_sales_slip_employee_fkey">
            <index-column name="sales_id" position="1"/>
        </index>
        <index name="fki_sales_slip_product_fkey">
            <index-column name="prd_id" position="1"/>
        </index>
    </table>
    <table name="session" schema="godbfexam.public" type="TABLE">
        <column autoIncrement="true" dbType="serial"
            default="nextval('session_id_seq'::regclass)"
            javaType="Integer" name="id" pkName="session_pkey"
            pkPosition="1" primaryKey="true" required="true" size="10" type="INTEGER"/>
        <column dbType="varchar" javaType="String" name="uuid"
            required="true" size="50" type="VARCHAR"/>
        <column dbType="int4" javaType="Integer" name="login_id"
            size="10" type="INTEGER"/>
        <column dbType="int4" javaType="Integer" name="comp_id"
            size="10" type="INTEGER"/>
        <column dbType="varchar" javaType="String" name="data"
            size="255" type="VARCHAR"/>
        <column dbType="int4" javaType="Integer" name="version_no"
            required="true" size="10" type="INTEGER"/>
        <column dbType="int4" default="0" javaType="Integer"
            name="del_flag" required="true" size="10" type="INTEGER"/>
        <column dbType="timestamp" javaType="java.time.LocalDateTime"
            name="register_datetime" required="true" size="29, 6" type="TIMESTAMP"/>
        <column dbType="varchar" javaType="String" name="register_user"
            required="true" size="30" type="VARCHAR"/>
        <column dbType="varchar" javaType="String"
            name="register_process" required="true" size="30" type="VARCHAR"/>
        <column dbType="timestamp" javaType="java.time.LocalDateTime"
            name="update_datetime" required="true" size="29, 6" type="TIMESTAMP"/>
        <column dbType="varchar" javaType="String" name="update_user"
            required="true" size="30" type="VARCHAR"/>
        <column dbType="varchar" javaType="String" name="update_process"
            required="true" size="30" type="VARCHAR"/>
        <foreign-key foreignSchema="public" foreignTable="login" name="session_login_fkey">
            <reference foreign="id" local="login_id"/>
        </foreign-key>
        <unique name="session_uuid_key">
            <unique-column name="uuid" position="1"/>
        </unique>
    </table>
    <table name="stock" schema="godbfexam.public" type="TABLE">
        <column autoIncrement="true" dbType="serial"
            default="nextval('stock_id_seq'::regclass)"
            javaType="Integer" name="id" pkName="stock_pkey"
            pkPosition="1" primaryKey="true" required="true" size="10" type="INTEGER"/>
        <column dbType="varchar" javaType="String" name="yyyymm"
            required="true" size="6" type="VARCHAR"/>
        <column dbType="int4" javaType="Integer" name="prd_id"
            required="true" size="10" type="INTEGER"/>
        <column dbType="varchar" javaType="String" name="name"
            required="true" size="100" type="VARCHAR"/>
        <column dbType="int4" javaType="Integer" name="cost"
            required="true" size="10" type="INTEGER"/>
        <column dbType="int4" javaType="Integer" name="price"
            required="true" size="10" type="INTEGER"/>
        <column dbType="varchar" javaType="String" name="unit"
            required="true" size="100" type="VARCHAR"/>
        <column dbType="int4" javaType="Integer" name="before_qty"
            required="true" size="10" type="INTEGER"/>
        <column dbType="int4" javaType="Integer" name="pur_qty"
            required="true" size="10" type="INTEGER"/>
        <column dbType="int4" javaType="Integer" name="rcv_qty"
            required="true" size="10" type="INTEGER"/>
        <column dbType="int4" javaType="Integer" name="sales_qty"
            required="true" size="10" type="INTEGER"/>
        <column dbType="int4" javaType="Integer" name="out_qty"
            required="true" size="10" type="INTEGER"/>
        <column dbType="int4" javaType="Integer" name="stock_qty"
            required="true" size="10" type="INTEGER"/>
        <column dbType="int8" javaType="Long" name="stock_amount"
            required="true" size="19" type="BIGINT"/>
        <column dbType="int4" javaType="Integer" name="version_no"
            required="true" size="10" type="INTEGER"/>
        <column dbType="int4" default="0" javaType="Integer"
            name="del_flag" required="true" size="10" type="INTEGER"/>
        <column dbType="timestamp" javaType="java.time.LocalDateTime"
            name="register_datetime" required="true" size="29, 6" type="TIMESTAMP"/>
        <column dbType="varchar" javaType="String" name="register_user"
            required="true" size="30" type="VARCHAR"/>
        <column dbType="varchar" javaType="String"
            name="register_process" required="true" size="30" type="VARCHAR"/>
        <column dbType="timestamp" javaType="java.time.LocalDateTime"
            name="update_datetime" required="true" size="29, 6" type="TIMESTAMP"/>
        <column dbType="varchar" javaType="String" name="update_user"
            required="true" size="30" type="VARCHAR"/>
        <column dbType="varchar" javaType="String" name="update_process"
            required="true" size="30" type="VARCHAR"/>
        <foreign-key foreignSchema="public" foreignTable="product" name="stock_product_fkey">
            <reference foreign="id" local="prd_id"/>
        </foreign-key>
        <unique name="stock_yyyymm_prd_id_del_flag_key">
            <unique-column name="yyyymm" position="1"/>
            <unique-column name="prd_id" position="2"/>
            <unique-column name="del_flag" position="3"/>
        </unique>
        <index name="fki_stock_product_fkey">
            <index-column name="prd_id" position="1"/>
        </index>
    </table>
    <table name="sys_table" schema="godbfexam.public" type="TABLE">
        <column autoIncrement="true" dbType="serial"
            default="nextval('sys_table_id_seq'::regclass)"
            javaType="Integer" name="id" pkName="sys_table_pkey"
            pkPosition="1" primaryKey="true" required="true" size="10" type="INTEGER"/>
        <column dbType="varchar" javaType="String" name="table_name"
            required="true" size="40" type="VARCHAR"/>
        <column dbType="varchar" javaType="String" name="key_1"
            required="true" size="40" type="VARCHAR"/>
        <column dbType="varchar" javaType="String" name="key_2"
            required="true" size="100" type="VARCHAR"/>
        <column dbType="text" javaType="String" name="s1_data"
            size="2147483647" type="VARCHAR"/>
        <column dbType="varchar" javaType="String" name="s2_data"
            size="100" type="VARCHAR"/>
        <column dbType="varchar" javaType="String" name="s3_data"
            size="100" type="VARCHAR"/>
        <column dbType="numeric" javaType="java.math.BigDecimal"
            name="n1_data" size="20, 2" type="NUMERIC"/>
        <column dbType="numeric" javaType="java.math.BigDecimal"
            name="n2_data" size="20, 2" type="NUMERIC"/>
        <column dbType="numeric" javaType="java.math.BigDecimal"
            name="n3_data" size="20, 2" type="NUMERIC"/>
        <column dbType="int4" javaType="Integer" name="version_no"
            required="true" size="10" type="INTEGER"/>
        <column dbType="int4" default="0" javaType="Integer"
            name="del_flag" required="true" size="10" type="INTEGER"/>
        <column dbType="timestamp" javaType="java.time.LocalDateTime"
            name="register_datetime" required="true" size="29, 6" type="TIMESTAMP"/>
        <column dbType="varchar" javaType="String" name="register_user"
            required="true" size="30" type="VARCHAR"/>
        <column dbType="varchar" javaType="String"
            name="register_process" required="true" size="30" type="VARCHAR"/>
        <column dbType="timestamp" javaType="java.time.LocalDateTime"
            name="update_datetime" required="true" size="29, 6" type="TIMESTAMP"/>
        <column dbType="varchar" javaType="String" name="update_user"
            required="true" size="30" type="VARCHAR"/>
        <column dbType="varchar" javaType="String" name="update_process"
            required="true" size="30" type="VARCHAR"/>
        <unique name="sys_table_table_name_key_1_key_2_del_flag_key">
            <unique-column name="table_name" position="1"/>
            <unique-column name="key_1" position="2"/>
            <unique-column name="key_2" position="3"/>
            <unique-column name="del_flag" position="4"/>
        </unique>
    </table>
    <table name="test_table" schema="godbfexam.public" type="TABLE">
        <column autoIncrement="true" dbType="serial"
            default="nextval('test_table_id_seq'::regclass)"
            javaType="Integer" name="id" pkName="test_table_pkey"
            pkPosition="1" primaryKey="true" required="true" size="10" type="INTEGER"/>
        <column dbType="varchar" javaType="String" name="test_id"
            required="true" size="30" type="VARCHAR"/>
        <column dbType="date" javaType="java.time.LocalDate"
            name="test_date" size="13" type="DATE"/>
        <column dbType="timestamp" javaType="java.time.LocalDateTime"
            name="test_timestamp" size="29, 6" type="TIMESTAMP"/>
        <column dbType="int4" javaType="Integer" name="test_nbr"
            size="10" type="INTEGER"/>
        <column dbType="int4" javaType="Integer" name="version_no"
            required="true" size="10" type="INTEGER"/>
        <column dbType="int4" default="0" javaType="Integer"
            name="del_flag" required="true" size="10" type="INTEGER"/>
        <column dbType="timestamp" javaType="java.time.LocalDateTime"
            name="register_datetime" required="true" size="29, 6" type="TIMESTAMP"/>
        <column dbType="varchar" javaType="String" name="register_user"
            required="true" size="30" type="VARCHAR"/>
        <column dbType="varchar" javaType="String"
            name="register_process" required="true" size="30" type="VARCHAR"/>
        <column dbType="timestamp" javaType="java.time.LocalDateTime"
            name="update_datetime" required="true" size="29, 6" type="TIMESTAMP"/>
        <column dbType="varchar" javaType="String" name="update_user"
            required="true" size="30" type="VARCHAR"/>
        <column dbType="varchar" javaType="String" name="update_process"
            required="true" size="30" type="VARCHAR"/>
    </table>
    <table name="user_table" schema="godbfexam.public" type="TABLE">
        <column autoIncrement="true" dbType="serial"
            default="nextval('user_table_id_seq'::regclass)"
            javaType="Integer" name="id" pkName="user_table_pkey"
            pkPosition="1" primaryKey="true" required="true" size="10" type="INTEGER"/>
        <column dbType="varchar" javaType="String" name="table_name"
            required="true" size="40" type="VARCHAR"/>
        <column dbType="varchar" javaType="String" name="key_1"
            required="true" size="40" type="VARCHAR"/>
        <column dbType="varchar" javaType="String" name="key_2"
            required="true" size="100" type="VARCHAR"/>
        <column dbType="text" javaType="String" name="s1_data"
            size="2147483647" type="VARCHAR"/>
        <column dbType="varchar" javaType="String" name="s2_data"
            size="100" type="VARCHAR"/>
        <column dbType="varchar" javaType="String" name="s3_data"
            size="100" type="VARCHAR"/>
        <column dbType="numeric" javaType="java.math.BigDecimal"
            name="n1_data" size="20, 2" type="NUMERIC"/>
        <column dbType="numeric" javaType="java.math.BigDecimal"
            name="n2_data" size="20, 2" type="NUMERIC"/>
        <column dbType="numeric" javaType="java.math.BigDecimal"
            name="n3_data" size="20, 2" type="NUMERIC"/>
        <column dbType="int4" javaType="Integer" name="version_no"
            required="true" size="10" type="INTEGER"/>
        <column dbType="int4" default="0" javaType="Integer"
            name="del_flag" required="true" size="10" type="INTEGER"/>
        <column dbType="timestamp" javaType="java.time.LocalDateTime"
            name="register_datetime" required="true" size="29, 6" type="TIMESTAMP"/>
        <column dbType="varchar" javaType="String" name="register_user"
            required="true" size="30" type="VARCHAR"/>
        <column dbType="varchar" javaType="String"
            name="register_process" required="true" size="30" type="VARCHAR"/>
        <column dbType="timestamp" javaType="java.time.LocalDateTime"
            name="update_datetime" required="true" size="29, 6" type="TIMESTAMP"/>
        <column dbType="varchar" javaType="String" name="update_user"
            required="true" size="30" type="VARCHAR"/>
        <column dbType="varchar" javaType="String" name="update_process"
            required="true" size="30" type="VARCHAR"/>
        <unique name="user_table_table_name_key_1_key_2_del_flag_key">
            <unique-column name="table_name" position="1"/>
            <unique-column name="key_1" position="2"/>
            <unique-column name="key_2" position="3"/>
            <unique-column name="del_flag" position="4"/>
        </unique>
    </table>
    <sequenceGroup>
        <sequence incrementSize="1" maximumValue="9223372036854775807"
            minimumValue="1" name="login_id_seq" schema="godbfexam.public"/>
        <sequence incrementSize="1" maximumValue="9223372036854775807"
            minimumValue="1" name="session_id_seq" schema="godbfexam.public"/>
        <sequence incrementSize="1" maximumValue="9223372036854775807"
            minimumValue="1" name="sys_table_id_seq" schema="godbfexam.public"/>
        <sequence incrementSize="1" maximumValue="9223372036854775807"
            minimumValue="1" name="product_id_seq" schema="godbfexam.public"/>
        <sequence incrementSize="1" maximumValue="9223372036854775807"
            minimumValue="1" name="user_table_id_seq" schema="godbfexam.public"/>
        <sequence incrementSize="1" maximumValue="9223372036854775807"
            minimumValue="1" name="sales_slip_id_seq" schema="godbfexam.public"/>
        <sequence incrementSize="1" maximumValue="9223372036854775807"
            minimumValue="1" name="stock_id_seq" schema="godbfexam.public"/>
        <sequence incrementSize="1" maximumValue="9223372036854775807"
            minimumValue="1" name="employee_id_seq" schema="godbfexam.public"/>
        <sequence incrementSize="1" maximumValue="9223372036854775807"
            minimumValue="1" name="customer_id_seq" schema="godbfexam.public"/>
        <sequence incrementSize="1" maximumValue="9223372036854775807"
            minimumValue="1" name="test_table_id_seq" schema="godbfexam.public"/>
    </sequenceGroup>
</database>
